Year,Country Name,Country Code,"Agriculture, forestry, and fishing, value added (% of GDP)","Fertility rate, total (births per woman)","Life expectancy at birth, total (years)","Mortality rate, under-5 (per 1,000 live births)",Population ages 65 and above (% of total population),CO2 emissions (metric tons per capita)
1960,Australia,AUS,,3.453,70.81707317,24.8,8.610617613,8.582936643
1960,Caribbean small states,CSS,,5.60034003,62.74630572,,4.136085043,1.40133635
1960,Central African Republic,CAF,,5.84,36.249,283.1,4.99810877,0.058606829
1960,Central Europe and the Baltics,CEB,,2.497094093,67.82138864,,7.214898676,5.22890328
1960,East Asia & Pacific,EAS,,5.393637012,48.42912109,,3.865390172,1.182972608
1960,Europe & Central Asia,ECS,,2.836865261,67.02654187,,8.405570004,7.253356013
1960,Latin America & Caribbean,LCN,,5.882474304,56.07766645,,3.58994491,1.376666311
1960,Middle East & North Africa,MEA,,6.906805557,46.44164378,,3.695879567,0.940739853
1960,North America,NAC,,3.668386718,69.89360376,,8.9879342,15.52999501
1960,Sub-Saharan Africa,SSF,,6.600868789,40.3778968,,3.024675105,0.556019582
1960,World,WLD,,4.979299498,52.58193875,,4.970172277,3.121158107
1961,Australia,AUS,,3.54,70.97317073,24.3,8.630203592,8.641569017
1961,Caribbean small states,CSS,,5.613679491,63.12612953,,4.206508914,2.059981254
1961,Central African Republic,CAF,,5.867,36.715,277.5,4.992772265,0.057670192
1961,Central Europe and the Baltics,CEB,,2.400683367,68.26219834,,7.401194221,5.460761919
1961,East Asia & Pacific,EAS,,5.474658973,48.92768911,,3.891735792,1.022153677
1961,Europe & Central Asia,ECS,,2.823628629,67.38864125,,8.516753108,7.415604227
1961,Latin America & Caribbean,LCN,,5.871320943,56.54932327,,3.630654385,1.370715508
1961,Middle East & North Africa,MEA,,6.921688223,47.54702804,,3.709296059,0.973669607
1961,North America,NAC,,3.632240494,70.36801738,,9.05616904,15.22591183
1961,Sub-Saharan Africa,SSF,,6.617008347,40.82470979,,3.037336871,0.568223147
1961,World,WLD,,5.003564277,53.07512812,,5.016769657,3.068090418
1962,Australia,AUS,,3.442,70.94243902,23.7,8.640326692,8.835688047
1962,Caribbean small states,CSS,,5.604207305,63.47645324,,4.285859522,2.703741229
1962,Central African Republic,CAF,,5.891,37.19,272.3,4.983536416,0.047257956
1962,Central Europe and the Baltics,CEB,,2.309179415,68.00692564,,7.608173571,5.796790472
1962,East Asia & Pacific,EAS,,5.548913906,49.59176155,,3.877320641,0.925117471
1962,Europe & Central Asia,ECS,,2.804075415,67.48004143,,8.629362589,7.73822894
1962,Latin America & Caribbean,LCN,,5.847855483,57.00527528,,3.666860054,1.416589701
1962,Middle East & North Africa,MEA,,6.933832268,48.14301857,,3.715109933,1.03488403
1962,North America,NAC,,3.481316723,70.2327068,,9.116055323,15.57257227
1962,Sub-Saharan Africa,SSF,,6.632195146,41.26041742,,3.040912668,0.574431363
1962,World,WLD,,5.025367418,53.49244346,,5.042382596,3.114839453
1963,Australia,AUS,,3.332,70.91170732,23.2,8.64249531,9.226439909
1963,Caribbean small states,CSS,,5.571821184,63.80444039,,4.368484849,1.350230132
1963,Central African Republic,CAF,,5.91,37.683,266.5,4.966284025,0.04643609
1963,Central Europe and the Baltics,CEB,,2.313874438,68.69604737,,7.829958724,6.212908524
1963,East Asia & Pacific,EAS,,5.623323081,50.55753933,,3.835695711,0.945461548
1963,Europe & Central Asia,ECS,,2.798283523,67.74718001,,8.746071683,8.189670354
1963,Latin America & Caribbean,LCN,,5.810633911,57.44665667,,3.699249789,1.377124267
1963,Middle East & North Africa,MEA,,6.940577105,48.23119874,,3.714547987,1.169979347
1963,North America,NAC,,3.345696904,70.05038739,,9.174509027,15.99706747
1963,Sub-Saharan Africa,SSF,,6.646466787,41.68335655,,3.036369782,0.587967367
1963,World,WLD,,5.045550595,54.01753898,,5.052033206,3.221195326
1964,Australia,AUS,,3.146,70.88097561,22.7,8.635085083,9.759073431
1964,Caribbean small states,CSS,,5.517187587,64.1137962,,4.452046609,2.362952174
1964,Central African Republic,CAF,,5.925,38.201,260.4,4.935298418,0.04559193
1964,Central Europe and the Baltics,CEB,,2.258711678,69.05248454,,8.058124217,6.612333622
1964,East Asia & Pacific,EAS,,5.681401715,51.74364988,,3.785886046,0.97457012
1964,Europe & Central Asia,ECS,,2.788440328,68.1418944,,8.869343447,8.517185137
1964,Latin America & Caribbean,LCN,,5.759288059,57.87529204,,3.728875949,1.445430536
1964,Middle East & North Africa,MEA,,6.940658403,48.82611077,,3.709857594,1.323094575
1964,North America,NAC,,3.214764533,70.31320505,,9.236616559,16.54338452
1964,Sub-Saharan Africa,SSF,,6.659067775,42.09456971,,3.024766119,0.629941305
1964,World,WLD,,5.056470116,54.6875302,,5.056444973,3.32404569
1965,Australia,AUS,,2.977,70.8502439,22.4,8.618688178,10.62232139
1965,Caribbean small states,CSS,,5.442333336,64.40771857,,4.539082226,2.601911806
1965,Central African Republic,CAF,,5.937,38.754,254.2,4.88892521,0.053673037
1965,Central Europe and the Baltics,CEB,,2.198709895,69.2769976,,8.288903519,6.765929428
1965,East Asia & Pacific,EAS,,5.719740116,53.10145295,,3.7339443,1.036636055
1965,Europe & Central Asia,ECS,,2.741943921,68.29079794,,9.003490515,8.816231779
1965,Latin America & Caribbean,LCN,,5.692991229,58.29637409,,3.756795122,1.451086346
1965,Middle East & North Africa,MEA,,6.931591684,49.41987348,,3.701729571,1.534246693
1965,North America,NAC,,2.931904424,70.36672191,,9.303441783,17.02698453
1965,Sub-Saharan Africa,SSF,,6.670938701,42.4959583,,3.007074246,0.682315986
1965,World,WLD,,5.040687076,55.34693391,,5.057547368,3.432394516
1966,Australia,AUS,,2.881,70.8195122,22.1,8.543411677,10.32809244
1966,Caribbean small states,CSS,,5.347816186,64.6846643,,4.589850887,2.529154305
1966,Central African Republic,CAF,,5.946,39.355,247.8,4.87388368,0.050412458
1966,Central Europe and the Baltics,CEB,,2.118628511,69.52707193,,8.539543269,6.930168059
1966,East Asia & Pacific,EAS,,5.649871921,54.62323858,,3.790777979,1.09112059
1966,Europe & Central Asia,ECS,,2.709483073,68.49867838,,9.176471961,9.114528997
1966,Latin America & Caribbean,LCN,,5.613326535,58.71505938,,3.794513171,1.482761423
1966,Middle East & North Africa,MEA,,6.911719072,50.48079767,,3.71441655,1.706669306
1966,North America,NAC,,2.72364019,70.37807047,,9.410349638,17.64292429
1966,Sub-Saharan Africa,SSF,,6.682992089,42.89268563,,3.018374173,0.679236184
1966,World,WLD,,4.992084743,56.07848103,,5.114237919,3.534191045
1967,Australia,AUS,,2.848,70.86926829,22,8.461122224,10.9556248
1967,Caribbean small states,CSS,,5.23825737,64.94362496,,4.646828747,2.976362509
1967,Central African Republic,CAF,,5.952,40.005,241.6,4.843464446,0.053664273
1967,Central Europe and the Baltics,CEB,,2.470612864,69.27274219,,8.767086161,7.143074036
1967,East Asia & Pacific,EAS,,5.643103137,56.09866197,,3.850140721,1.0748875
1967,Europe & Central Asia,ECS,,2.714593488,68.62062123,,9.350409537,9.335340675
1967,Latin America & Caribbean,LCN,,5.522358627,59.13550366,,3.830615281,1.557422865
1967,Middle East & North Africa,MEA,,6.879974885,51.03924984,,3.722229221,1.771404059
1967,North America,NAC,,2.555146424,70.71438226,,9.520328482,18.15419062
1967,Sub-Saharan Africa,SSF,,6.696431978,43.28888661,,3.022002414,0.688800677
1967,World,WLD,,4.97327569,56.78377389,,5.168272596,3.585995251
1968,Australia,AUS,,2.888,70.91902439,21.9,8.37843035,11.21016771
1968,Caribbean small states,CSS,,5.118622335,65.18699358,,4.710757422,2.938122789
1968,Central African Republic,CAF,,5.956,40.703,235.2,4.80124344,0.105119946
1968,Central Europe and the Baltics,CEB,,2.452778435,69.5360253,,8.984830641,7.561579657
1968,East Asia & Pacific,EAS,,5.56916311,57.47033552,,3.907408574,1.164343423
1968,Europe & Central Asia,ECS,,2.66106046,68.68901643,,9.526242083,9.665967546
1968,Latin America & Caribbean,LCN,,5.424048139,59.56154769,,3.865283283,1.613820852
1968,Middle East & North Africa,MEA,,6.840179187,51.58860996,,3.724647028,1.994392954
1968,North America,NAC,,2.456517576,70.17624157,,9.634571113,18.67382277
1968,Sub-Saharan Africa,SSF,,6.71112465,43.68946231,,3.018626541,0.686425617
1968,World,WLD,,4.922089469,57.38627318,,5.218143246,3.704543018
1969,Australia,AUS,,2.886,70.96878049,21.7,8.303780105,11.60055435
1969,Caribbean small states,CSS,,4.992995999,65.41993137,,4.776975294,3.076164721
1969,Central African Republic,CAF,,5.958,41.444,229.1,4.750511704,0.105132472
1969,Central Europe and the Baltics,CEB,,2.355258921,69.2757342,,9.20925243,8.067365367
1969,East Asia & Pacific,EAS,,5.436360392,58.69046374,,3.956567606,1.320421097
1969,Europe & Central Asia,ECS,,2.610024238,68.69425148,,9.703978796,10.08133776
1969,Latin America & Caribbean,LCN,,5.320315346,59.99482876,,3.897865027,1.712493396
1969,Middle East & North Africa,MEA,,6.790713709,52.14787288,,3.724053021,2.251860328
1969,North America,NAC,,2.444224512,70.69476442,,9.749526426,19.36723929
1969,Sub-Saharan Africa,SSF,,6.726978887,44.09532078,,3.008888039,0.726346253
1969,World,WLD,,4.855976292,57.99199928,,5.262624896,3.875169073
1970,Australia,AUS,,2.859,71.01853659,21.5,8.243892731,11.80289054
1970,Caribbean small states,CSS,,4.863466512,65.64881537,,4.84228329,4.283398768
1970,Central African Republic,CAF,,5.958,42.223,223.3,4.693773659,0.11540634
1970,Central Europe and the Baltics,CEB,,2.288901388,69.44695506,,9.44615038,8.350394198
1970,East Asia & Pacific,EAS,,5.266683528,59.73092969,,3.996988188,1.59326071
1970,Europe & Central Asia,ECS,,2.562601009,68.96923633,,9.879949192,10.61122113
1970,Latin America & Caribbean,LCN,,5.213539573,60.4354476,,3.928608666,1.843995713
1970,Middle East & North Africa,MEA,,6.734328637,52.73254362,,3.721742802,2.330219872
1970,North America,NAC,,2.458482587,70.9854796,,9.859736704,20.63304563
1970,Sub-Saharan Africa,SSF,,6.74342617,44.50798609,,2.993765527,0.780389068
1970,World,WLD,,4.778572494,58.57975803,,5.301562489,4.147851485
1971,Australia,AUS,,2.961,71.06829268,21,8.345744649,11.80911757
1971,Caribbean small states,CSS,,4.726027946,65.88038941,,4.924094515,5.059526098
1971,Central African Republic,CAF,,5.956,43.036,218.1,4.695254271,0.099618748
1971,Central Europe and the Baltics,CEB,,2.259077215,69.48516575,,9.690592138,8.560477886
1971,East Asia & Pacific,EAS,,5.052299979,60.6565772,,4.061500261,1.695558532
1971,Europe & Central Asia,ECS,,2.542864651,69.105678,,10.08570922,10.97774628
1971,Latin America & Caribbean,LCN,,5.105315188,60.88113985,,3.973494355,1.887235076
1971,Middle East & North Africa,MEA,,6.673128902,53.35716123,,3.740724804,2.551866577
1971,North America,NAC,,2.253659775,71.2911399,,9.999730639,20.51119886
1971,Sub-Saharan Africa,SSF,,6.759171424,44.92787966,,3.009548715,0.874866188
1971,World,WLD,,4.669268331,59.11045886,,5.368716701,4.23178829
1972,Australia,AUS,,2.744,71.45756098,20.3,8.441925131,11.95163155
1972,Caribbean small states,CSS,,4.582064827,66.1188858,,4.999983922,5.103337988
1972,Central African Republic,CAF,,5.951,43.866,213.2,4.686467693,0.090311203
1972,Central Europe and the Baltics,CEB,,2.233753302,69.92544126,,9.933684827,8.874687268
1972,East Asia & Pacific,EAS,,4.78764859,61.44844569,,4.119547914,1.743842621
1972,Europe & Central Asia,ECS,,2.479816676,69.30979424,,10.27321686,11.3960301
1972,Latin America & Caribbean,LCN,,4.997856829,61.32734064,,4.012555908,1.929528782
1972,Middle East & North Africa,MEA,,6.611542219,53.99671085,,3.755112895,2.670462292
1972,North America,NAC,,2.007030467,71.32627262,,10.1286757,21.31108396
1972,Sub-Saharan Africa,SSF,,6.773759686,45.35142907,,3.017748922,0.898086219
1972,World,WLD,,4.53970361,59.59650708,,5.427446495,4.347295292
1973,Australia,AUS,,2.491,71.84682927,19.4,8.540400486,12.77968685
1973,Caribbean small states,CSS,,4.433035348,66.36499881,,5.076095161,6.047184573
1973,Central African Republic,CAF,,5.944,44.695,208.8,4.667011109,0.085150803
1973,Central Europe and the Baltics,CEB,,2.246797013,70.06777719,,10.17145091,9.176709681
1973,East Asia & Pacific,EAS,,4.517431278,62.14950271,,4.175436887,1.818349009
1973,Europe & Central Asia,ECS,,2.415923404,69.404934,,10.44780596,11.8438527
1973,Latin America & Caribbean,LCN,,4.892004947,61.76894794,,4.04803706,2.057639121
1973,Middle East & North Africa,MEA,,6.54860446,54.70712182,,3.764227318,3.066924707
1973,North America,NAC,,1.880092535,71.52944731,,10.25552559,21.98175677
1973,Sub-Saharan Africa,SSF,,6.785641718,45.77361196,,3.018981621,0.928836286
1973,World,WLD,,4.410469926,60.04732476,,5.479838355,4.493253113
1974,Australia,AUS,,2.397,72.23609756,18.4,8.652742957,12.55966873
1974,Caribbean small states,CSS,,4.27994986,66.61829172,,5.153693385,5.746218375
1974,Central African Republic,CAF,,5.935,45.504,204.5,4.636175241,0.059071829
1974,Central Europe and the Baltics,CEB,,2.364163239,70.30593937,,10.39741237,9.397400141
1974,East Asia & Pacific,EAS,,4.226250399,62.84398971,,4.234030912,1.798688473
1974,Europe & Central Asia,ECS,,2.402546729,69.60873161,,10.61889679,11.86491313
1974,Latin America & Caribbean,LCN,,4.789034045,62.20354992,,4.082696985,2.118864483
1974,Middle East & North Africa,MEA,,6.490641724,55.4240294,,3.763465662,3.028070732
1974,North America,NAC,,1.835199712,72.07959682,,10.38534805,21.08159405
1974,Sub-Saharan Africa,SSF,,6.793949307,46.19101111,,3.013796158,0.959237828
1974,World,WLD,,4.288770812,60.54066306,,5.529704282,4.403581722
1975,Australia,AUS,,2.148,72.62536585,17.3,8.785701715,12.65989981
1975,Caribbean small states,CSS,,4.129701598,66.87568199,,5.227304167,6.086492956
1975,Central African Republic,CAF,,5.925,46.275,200.8,4.593367842,0.052429397
1975,Central Europe and the Baltics,CEB,,2.338123942,70.17440869,,10.60663033,9.937137353
1975,East Asia & Pacific,EAS,,3.933732662,63.51177584,,4.29785618,1.864333115
1975,Europe & Central Asia,ECS,,2.34759195,69.5832179,,10.78979734,11.96960519
1975,Latin America & Caribbean,LCN,,4.688121066,62.63051114,,4.117826622,2.095653197
1975,Middle East & North Africa,MEA,,6.44016268,56.13674721,,3.752545095,2.906121406
1975,North America,NAC,,1.779021841,72.69361493,,10.51521525,20.09168314
1975,Sub-Saharan Africa,SSF,,6.798620797,46.59977644,,3.002878928,0.905978813
1975,World,WLD,,4.15688867,60.98545571,,5.579069742,4.342628818
1976,Australia,AUS,,2.06,73.01463415,16.2,8.937622289,12.41679178
1976,Caribbean small states,CSS,,3.992704623,67.13336877,,5.360834422,6.626611179
1976,Central African Republic,CAF,,5.916,46.992,197.1,4.574880296,0.064268356
1976,Central Europe and the Baltics,CEB,,2.322320878,70.3191489,,10.83211786,10.43308314
1976,East Asia & Pacific,EAS,,3.674584202,64.12511664,,4.401220808,1.924990249
1976,Europe & Central Asia,ECS,,2.309286156,69.6839976,,10.99522138,12.50273608
1976,Latin America & Caribbean,LCN,,4.589430868,63.04782438,,4.172736733,2.179651455
1976,Middle East & North Africa,MEA,,6.394591902,56.80556991,,3.751390618,3.334677497
1976,North America,NAC,,1.743845482,72.95320432,,10.67547071,20.76000421
1976,Sub-Saharan Africa,SSF,,6.799425475,46.99677709,,3.016389978,0.926689801
1976,World,WLD,,4.040382918,61.40880302,,5.658587682,4.493090892
1977,Australia,AUS,,2.007,73.34439024,15.2,9.117669849,13.23189614
1977,Caribbean small states,CSS,,3.869682344,67.38520559,,5.49023977,7.279666637
1977,Central African Republic,CAF,,5.908,47.648,193.7,4.546896225,0.062916868
1977,Central Europe and the Baltics,CEB,,2.283256654,70.24237315,,11.04740973,10.771583
1977,East Asia & Pacific,EAS,,3.445355097,64.7094247,,4.507616612,2.03378421
1977,Europe & Central Asia,ECS,,2.255009308,69.85636606,,11.20402337,12.62745306
1977,Latin America & Caribbean,LCN,,4.490691443,63.45824462,,4.225683047,2.193869517
1977,Middle East & North Africa,MEA,,6.353908206,57.37213202,,3.740191372,3.410231178
1977,North America,NAC,,1.78919167,73.34941115,,10.83794874,21.1147368
1977,Sub-Saharan Africa,SSF,,6.79791339,47.38072445,,3.023867941,0.908366486
1977,World,WLD,,3.936737207,61.83266426,,5.736435601,4.558982918
1978,Australia,AUS,,1.949,73.67414634,14.4,9.308300047,14.06985862
1978,Caribbean small states,CSS,,3.763198276,67.62784621,,5.618668351,6.919368715
1978,Central African Republic,CAF,,5.902,48.233,190.5,4.508342582,0.070260416
1978,Central Europe and the Baltics,CEB,,2.246298547,70.14793211,,11.21599313,11.2496604
1978,East Asia & Pacific,EAS,,3.246536951,65.23410202,,4.615789928,2.117362547
1978,Europe & Central Asia,ECS,,2.219730362,69.9454524,,11.38602718,12.95591942
1978,Latin America & Caribbean,LCN,,4.391393188,63.86230017,,4.275238589,2.303319734
1978,Middle East & North Africa,MEA,,6.315177375,57.85439344,,3.721335264,3.489940265
1978,North America,NAC,,1.760808964,73.47017107,,11.00756221,21.52745739
1978,Sub-Saharan Africa,SSF,,6.793093686,47.74997973,,3.026694423,0.897780804
1978,World,WLD,,3.843072253,62.19342263,,5.806879857,4.653016254
1979,Australia,AUS,,1.907,74.00390244,13.6,9.481558315,14.12909198
1979,Caribbean small states,CSS,,3.67513548,67.86142352,,5.740205287,6.92343675
1979,Central African Republic,CAF,,5.898,48.737,187.7,4.458100961,0.047962003
1979,Central Europe and the Baltics,CEB,,2.251510983,70.23939699,,11.28653279,11.30180728
1979,East Asia & Pacific,EAS,,3.099294494,65.72795866,,4.722236622,2.166447015
1979,Europe & Central Asia,ECS,,2.193588352,70.06396869,,11.49516341,13.17731176
1979,Latin America & Caribbean,LCN,,4.291611102,64.26000232,,4.318647221,2.410922138
1979,Middle East & North Africa,MEA,,6.274005437,58.26238753,,3.697597573,3.560851166
1979,North America,NAC,,1.802540573,73.90794075,,11.18036444,21.44260623
1979,Sub-Saharan Africa,SSF,,6.78510323,48.10372265,,3.025796237,0.984036728
1979,World,WLD,,3.77341512,62.55547206,,5.860477964,4.696086391
1980,Australia,AUS,,1.891,74.33365854,13,9.623779981,15.02491601
1980,Caribbean small states,CSS,,3.600970005,68.08670901,,5.84571135,7.084247338
1980,Central African Republic,CAF,,5.897,49.153,185.2,4.39551396,0.048351815
1980,Central Europe and the Baltics,CEB,,2.194301586,69.8905098,,11.23619122,11.54082568
1980,East Asia & Pacific,EAS,,2.983740416,66.14431562,,4.824647165,2.131379537
1980,Europe & Central Asia,ECS,,2.167286377,70.16834713,,11.5100364,13.1706318
1980,Latin America & Caribbean,LCN,,4.190963037,64.65183763,,4.355198211,2.47744517
1980,Middle East & North Africa,MEA,,6.227125547,58.63716315,,3.67021457,3.499655105
1980,North America,NAC,,1.829410971,73.75243079,,11.34924231,20.52606065
1980,Sub-Saharan Africa,SSF,,6.773409549,48.44501387,,3.02179999,0.989788453
1980,World,WLD,,3.713652391,62.84174466,,5.892860279,4.601081514
1981,Australia,AUS,,1.935,74.66341463,12.6,9.782122416,15.43250084
1981,Caribbean small states,CSS,,3.534886146,68.30313108,,5.898425933,5.869424843
1981,Central African Republic,CAF,,5.899,49.476,182.9,4.350829034,0.059917216
1981,Central Europe and the Baltics,CEB,,2.150436229,70.37205018,,11.08897828,10.77728371
1981,East Asia & Pacific,EAS,,2.906462904,66.56429509,,4.949120375,2.079261975
1981,Europe & Central Asia,ECS,,2.132954147,70.4327372,,11.47255302,12.62970771
1981,Latin America & Caribbean,LCN,,4.089516549,65.03700893,,4.394372484,2.398174588
1981,Middle East & North Africa,MEA,,6.170934165,59.035902,,3.657758491,3.286560458
1981,North America,NAC,,1.800628121,74.15164237,,11.4818369,19.53134467
1981,Sub-Saharan Africa,SSF,,6.756637957,48.76772191,,3.029195976,1.027089428
1981,World,WLD,,3.656614012,63.1825087,,5.927443881,4.406638284
1982,Australia,AUS,,1.929,74.90487805,12.2,9.894376905,15.42493181
1982,Caribbean small states,CSS,,3.469144237,68.51780596,,5.930071242,5.628531968
1982,Central African Republic,CAF,,5.904,49.713,181.1,4.292064558,0.061238647
1982,Central Europe and the Baltics,CEB,,2.140746548,70.45547332,,10.83086906,10.99103078
1982,East Asia & Pacific,EAS,,2.866937324,66.95983016,,5.060295641,2.121405939
1982,Europe & Central Asia,ECS,,2.14104909,70.72309241,,11.34386037,12.56128757
1982,Latin America & Caribbean,LCN,,3.988057257,65.41724792,,4.426688161,2.410615704
1982,Middle East & North Africa,MEA,,6.101309372,59.50274777,,3.640139561,3.208182504
1982,North America,NAC,,1.813532799,74.49815471,,11.59813373,18.39036091
1982,Sub-Saharan Africa,SSF,,6.734075277,49.07462779,,3.030305415,1.053355442
1982,World,WLD,,3.627155101,63.50892059,,5.93618528,4.314959591
1983,Australia,AUS,,1.924,75.14634146,11.9,9.98633663,14.64008413
1983,Caribbean small states,CSS,,3.399194264,68.71894169,,5.954347417,5.035818701
1983,Central African Republic,CAF,,5.909,49.872,179.8,4.224983671,0.060905477
1983,Central Europe and the Baltics,CEB,,2.143558787,70.38978517,,10.53429483,11.03546444
1983,East Asia & Pacific,EAS,,2.845394361,67.28264845,,5.161276753,2.154039938
1983,Europe & Central Asia,ECS,,2.131091766,70.79233315,,11.17563459,12.51237071
1983,Latin America & Caribbean,LCN,,3.887078365,65.78964569,,4.456245208,2.250576559
1983,Middle East & North Africa,MEA,,6.016117056,60.09307571,,3.621246189,3.313714004
1983,North America,NAC,,1.786931331,74.6202615,,11.70932329,18.33379476
1983,Sub-Saharan Africa,SSF,,6.707450687,49.36280694,,3.02627279,1.040072025
1983,World,WLD,,3.5945681,63.7570354,,5.93196788,4.286135321
1984,Australia,AUS,,1.84,75.38780488,11.6,10.09543696,15.2209753
1984,Caribbean small states,CSS,,3.323057203,68.92093805,,5.978345005,5.024704304
1984,Central African Republic,CAF,,5.914,49.955,178.8,4.156219663,0.060663368
1984,Central Europe and the Baltics,CEB,,2.164233006,70.34911486,,10.29900599,10.96673751
1984,East Asia & Pacific,EAS,,2.836265002,67.61531432,,5.254124105,2.26991737
1984,Europe & Central Asia,ECS,,2.106320464,70.94291381,,11.03892747,12.47675117
1984,Latin America & Caribbean,LCN,,3.787185767,66.15817772,,4.487799965,2.240521411
1984,Middle East & North Africa,MEA,,5.912395161,60.80083538,,3.606558043,3.433027242
1984,North America,NAC,,1.790655884,74.72538912,,11.82519813,18.74897714
1984,Sub-Saharan Africa,SSF,,6.674358267,49.62587722,,3.018159582,1.084576134
1984,World,WLD,,3.564195128,64.02157095,,5.930212265,4.339077192
1985,Australia,AUS,,1.923,75.62926829,11.3,10.24051654,15.3084102
1985,Caribbean small states,CSS,,3.240471782,69.12267545,,5.997999198,5.50472435
1985,Central African Republic,CAF,,5.915,49.966,177.8,4.090050661,0.063468611
1985,Central Europe and the Baltics,CEB,,2.162172798,70.31288347,,10.18111204,11.11412692
1985,East Asia & Pacific,EAS,,2.828482667,67.90456531,,5.339870924,2.342420731
1985,Europe & Central Asia,ECS,,2.090886668,71.15577277,,10.97480888,13.08717572
1985,Latin America & Caribbean,LCN,,3.689062344,66.52328917,,4.524316514,2.263138049
1985,Middle East & North Africa,MEA,,5.786916454,61.61609258,,3.601865252,3.514925706
1985,North America,NAC,,1.826422257,74.74024503,,11.94798844,18.63559701
1985,Sub-Saharan Africa,SSF,,6.635130593,49.85289679,,3.006833855,1.080644413
1985,World,WLD,,3.535984167,64.2791077,,5.93884483,4.428311744
1986,Australia,AUS,,1.868,75.87073171,11,10.37846727,14.98057315
1986,Caribbean small states,CSS,,3.155187474,69.32978327,,6.018873171,4.763919565
1986,Central African Republic,CAF,,5.91,49.912,177,4.076048566,0.062110314
1986,Central Europe and the Baltics,CEB,,2.137672004,70.56513604,,10.2691245,11.26422926
1986,East Asia & Pacific,EAS,,2.803053509,68.1722705,,5.422076618,2.389975906
1986,Europe & Central Asia,ECS,,2.097180276,71.64146652,,11.02423071,13.0495275
1986,Latin America & Caribbean,LCN,,3.593975858,66.88588475,,4.579130219,2.259473231
1986,Middle East & North Africa,MEA,,5.635926404,62.48808187,,3.61859542,3.635489829
1986,North America,NAC,,1.821078366,74.80137957,,12.07249752,18.40976328
1986,Sub-Saharan Africa,SSF,,6.589270334,50.03047594,,3.017738126,1.063437184
1986,World,WLD,,3.499524247,64.57949518,,5.975742037,4.412252113
1987,Australia,AUS,,1.845,76.15170732,10.6,10.54506139,15.7469578
1987,Caribbean small states,CSS,,3.072191921,69.54871511,,6.053856041,4.960398791
1987,Central African Republic,CAF,,5.897,49.797,176.2,4.056346436,0.098365369
1987,Central Europe and the Baltics,CEB,,2.096933281,70.61176333,,10.43908918,11.52667688
1987,East Asia & Pacific,EAS,,2.759248059,68.40952569,,5.494312942,2.466916006
1987,Europe & Central Asia,ECS,,2.091578044,71.85869386,,11.1253396,13.05208545
1987,Latin America & Caribbean,LCN,,3.502926188,67.24680017,,4.634359775,2.326050894
1987,Middle East & North Africa,MEA,,5.464518578,63.38292809,,3.642564973,3.574115435
1987,North America,NAC,,1.852529712,74.9581156,,12.19116423,19.05465847
1987,Sub-Saharan Africa,SSF,,6.53630357,50.15150429,,3.023606854,1.017428973
1987,World,WLD,,3.455160571,64.83055625,,6.016040262,4.461922924
1988,Australia,AUS,,1.831,76.43268293,10.2,10.7255206,15.79616778
1988,Caribbean small states,CSS,,2.995522249,69.76319261,,6.108724265,4.577757269
1988,Central African Republic,CAF,,5.876,49.624,176,4.029921606,0.085754725
1988,Central Europe and the Baltics,CEB,,2.077648878,70.86170823,,10.65925514,11.09202083
1988,East Asia & Pacific,EAS,,2.692588827,68.5815835,,5.562826778,2.62793287
1988,Europe & Central Asia,ECS,,2.061666638,71.98607775,,11.26802163,13.08720651
1988,Latin America & Caribbean,LCN,,3.416402687,67.60393914,,4.691767691,2.33588509
1988,Middle East & North Africa,MEA,,5.276068943,64.21949408,,3.67267352,3.704380406
1988,North America,NAC,,1.908162066,74.97854162,,12.30353831,19.71911525
1988,Sub-Saharan Africa,SSF,,6.478419135,50.21606218,,3.025199857,1.052638817
1988,World,WLD,,3.398938314,65.03449926,,6.060381731,4.565402665
1989,Australia,AUS,,1.838,76.71365854,9.7,10.89919947,16.51986292
1989,Caribbean small states,CSS,,2.926206924,69.98419355,,6.179557403,5.011604605
1989,Central African Republic,CAF,,5.847,49.397,176.4,3.996017094,0.090815756
1989,Central Europe and the Baltics,CEB,,2.017746181,70.73197226,,10.87979833,10.76396187
1989,East Asia & Pacific,EAS,,2.588340878,68.77189409,,5.637229416,2.671625946
1989,Europe & Central Asia,ECS,,2.000657353,72.0491867,,11.43523307,13.04253797
1989,Latin America & Caribbean,LCN,,3.334310675,67.96019484,,4.75321412,2.426486864
1989,Middle East & North Africa,MEA,,5.074428474,65.0412533,,3.707322966,3.719994096
1989,North America,NAC,,1.988999261,75.22629846,,12.40391256,19.77240246
1989,Sub-Saharan Africa,SSF,,6.414729914,50.23251447,,3.023419796,0.973921933
1989,World,WLD,,3.324349664,65.24696878,,6.109275029,4.566474137
1990,Australia,AUS,,1.902,76.99463415,9.2,11.05874988,15.44673046
1990,Caribbean small states,CSS,,2.865765744,70.19762945,,6.258068725,4.714389221
1990,Central African Republic,CAF,,5.811,49.104,176.8,3.953848138,0.057005636
1990,Central Europe and the Baltics,CEB,,1.931081933,70.65633134,,11.07820734,8.928048339
1990,East Asia & Pacific,EAS,,2.471930075,68.92722262,,5.724267768,2.494467181
1990,Europe & Central Asia,ECS,,1.957916026,72.04945555,,11.61579337,9.476590536
1990,Latin America & Caribbean,LCN,,3.257018126,68.31372589,,4.819687423,2.035780827
1990,Middle East & North Africa,MEA,,4.877631427,65.76998552,,3.735188865,3.334142805
1990,North America,NAC,,2.055205556,75.43504527,,12.49045717,18.98661574
1990,Sub-Saharan Africa,SSF,,6.347729984,50.21457407,,3.019333956,0.783664211
1990,World,WLD,,3.248548804,65.43292073,,6.161532544,3.902964422
1991,Australia,AUS,,1.849,77.27560976,8.7,11.2564488,15.31532053
1991,Caribbean small states,CSS,,2.812648948,70.39400583,,6.312324508,4.562310365
1991,Central African Republic,CAF,,5.771,48.728,176.8,3.930020716,0.052110347
1991,Central Europe and the Baltics,CEB,,1.855832937,70.5752213,,11.34790688,8.25775687
1991,East Asia & Pacific,EAS,,2.346195486,69.09758693,,5.814068147,2.56959646
1991,Europe & Central Asia,ECS,,1.892880708,71.97959823,,11.84600208,9.313163327
1991,Latin America & Caribbean,LCN,,3.184002214,68.66521467,,4.904294349,2.053881551
1991,Middle East & North Africa,MEA,,4.663900458,66.39131519,,3.795350546,3.502827879
1991,North America,NAC,,2.025285878,75.59061834,,12.54607263,18.58304512
1991,Sub-Saharan Africa,SSF,,6.277412267,50.17994751,,3.02963757,0.770451586
1991,World,WLD,,3.15740743,65.61804589,,6.234886609,3.874590704
1992,Australia,AUS,,1.888,77.37804878,8.2,11.43516962,15.33923978
1992,Caribbean small states,CSS,,2.765529117,70.58807357,,6.353433394,4.657452316
1992,Central African Republic,CAF,,5.729,48.267,176.6,3.897796593,0.050688759
1992,Central Europe and the Baltics,CEB,,1.751285157,70.73283713,,11.60366407,7.703558251
1992,East Asia & Pacific,EAS,,2.223554704,69.24627377,,5.922262886,2.631886473
1992,Europe & Central Asia,ECS,,1.819952798,71.86397577,,12.0885574,8.78791394
1992,Latin America & Caribbean,LCN,,3.115095589,69.01387331,,4.990712766,2.062179358
1992,Middle East & North Africa,MEA,,4.466094814,66.8867472,,3.872053768,3.598016881
1992,North America,NAC,,2.011581456,75.82693748,,12.58224139,18.62995599
1992,Sub-Saharan Africa,SSF,,6.207513085,50.14116257,,3.035134841,0.764127199
1992,World,WLD,,3.071547907,65.769659,,6.315064245,3.804011014
1993,Australia,AUS,,1.859,77.87804878,7.7,11.59380351,15.4163129
1993,Caribbean small states,CSS,,2.721720247,70.71254412,,6.38437394,4.614020269
1993,Central African Republic,CAF,,5.689,47.731,175.9,3.857690481,0.052525353
1993,Central Europe and the Baltics,CEB,,1.671068168,70.84598662,,11.84603637,7.505139587
1993,East Asia & Pacific,EAS,,2.110849752,69.41880344,,6.042934311,2.758994094
1993,Europe & Central Asia,ECS,,1.741871646,71.52110793,,12.32549239,8.291099606
1993,Latin America & Caribbean,LCN,,3.048882211,69.35812021,,5.07700578,2.091509166
1993,Middle East & North Africa,MEA,,4.261009726,67.38788291,,3.931711473,3.701977574
1993,North America,NAC,,1.986849439,75.65853666,,12.60217024,18.79485121
1993,Sub-Saharan Africa,SSF,,6.140673068,50.10569675,,3.036805372,0.761312763
1993,World,WLD,,2.987612746,65.88402592,,6.39363278,3.769327631
1994,Australia,AUS,,1.842,77.87804878,7.3,11.73354832,15.60739289
1994,Caribbean small states,CSS,,2.680548417,70.83448841,,6.410837049,4.725940419
1994,Central African Republic,CAF,,5.652,47.143,175.2,3.80983823,0.051036406
1994,Central Europe and the Baltics,CEB,,1.590153698,70.86954394,,12.07510518,7.306747437
1994,East Asia & Pacific,EAS,,2.02678534,69.61835012,,6.166506946,2.855636497
1994,Europe & Central Asia,ECS,,1.698566251,71.60006035,,12.53301306,7.823039814
1994,Latin America & Caribbean,LCN,,2.985228793,69.6989352,,5.160044834,2.160540248
1994,Middle East & North Africa,MEA,,4.065265581,67.83172095,,3.994551341,3.873130335
1994,North America,NAC,,1.96762797,75.838642,,12.60566858,18.87301504
1994,Sub-Saharan Africa,SSF,,6.077455079,50.07375817,,3.035815123,0.746739369
1994,World,WLD,,2.921842085,66.08743355,,6.465075721,3.732384777
1995,Australia,AUS,,1.822,77.82926829,7,11.85705678,15.99214254
1995,Caribbean small states,CSS,,2.639967852,70.93751467,,6.436393169,4.806403358
1995,Central African Republic,CAF,,5.618,46.53,174.5,3.7549152,0.049648396
1995,Central Europe and the Baltics,CEB,,1.46879617,71.02542143,,12.28833279,7.365817629
1995,East Asia & Pacific,EAS,,1.95925237,69.79646699,,6.28872712,3.056186324
1995,Europe & Central Asia,ECS,,1.654311613,71.68063826,,12.69948246,7.750880182
1995,Latin America & Caribbean,LCN,,2.92324946,70.03638967,,5.238929572,2.17424546
1995,Middle East & North Africa,MEA,,3.873931005,68.25403334,,4.04619284,3.899990097
1995,North America,NAC,,1.943485429,75.86060025,,12.59235441,18.87027184
1995,Sub-Saharan Africa,SSF,,6.018316986,50.04762598,,3.033220397,0.761195014
1995,World,WLD,,2.862563578,66.27387614,,6.525811088,3.781982439
1996,Australia,AUS,,1.796,78.07804878,6.8,11.96580271,16.36120365
1996,Caribbean small states,CSS,,2.600557664,71.02898551,,6.509801291,4.828409814
1996,Central African Republic,CAF,,5.589,45.922,173.8,3.735135947,0.051386918
1996,Central Europe and the Baltics,CEB,,1.429317429,71.33605802,,12.57367133,7.596542118
1996,East Asia & Pacific,EAS,,1.91614189,70.06449976,,6.454182712,3.059596868
1996,Europe & Central Asia,ECS,,1.620558713,72.11524562,,12.88637404,7.773038095
1996,Latin America & Caribbean,LCN,,2.861066164,70.37227939,,5.330215294,2.307413796
1996,Middle East & North Africa,MEA,,3.706754479,68.62672401,,4.114800532,3.949270053
1996,North America,NAC,,1.936969214,76.24010485,,12.55802828,19.22245718
1996,Sub-Saharan Africa,SSF,,5.961994213,50.03610253,,3.039443937,0.772094671
1996,World,WLD,,2.816996374,66.55801327,,6.613459502,3.806694025
1997,Australia,AUS,,1.778,78.4804878,6.6,12.05933101,16.56693849
1997,Caribbean small states,CSS,,2.560380882,71.1637653,,6.583994251,4.927451391
1997,Central African Republic,CAF,,5.564,45.353,172.9,3.700261405,0.050111542
1997,Central Europe and the Baltics,CEB,,1.381600606,71.51725807,,12.83036312,7.379959277
1997,East Asia & Pacific,EAS,,1.888344959,70.32575167,,6.60083743,3.090488012
1997,Europe & Central Asia,ECS,,1.59341034,72.53165455,,13.01780227,7.500886116
1997,Latin America & Caribbean,LCN,,2.801106075,70.70664293,,5.416044513,2.409734138
1997,Middle East & North Africa,MEA,,3.555273239,68.95879043,,4.179657264,3.992047459
1997,North America,NAC,,1.928315137,76.62719351,,12.51186937,19.92285374
1997,Sub-Saharan Africa,SSF,,5.907775977,50.05418024,,3.039862507,0.776419174
1997,World,WLD,,2.777269876,66.84296937,,6.683428507,3.813515227
1998,Australia,AUS,,1.762,78.63170732,6.4,12.1434629,17.51162418
1998,Caribbean small states,CSS,,2.519595758,71.21031083,,6.661769333,5.146445645
1998,Central African Republic,CAF,,5.541,44.857,172,3.653180614,0.066177814
1998,Central Europe and the Baltics,CEB,,1.338472197,71.89823768,,13.06097804,6.949300035
1998,East Asia & Pacific,EAS,,1.865935157,70.5848518,,6.737752719,3.055468701
1998,Europe & Central Asia,ECS,,1.571985257,72.85293451,,13.12342088,7.480261455
1998,Latin America & Caribbean,LCN,,2.742009111,71.0367773,,5.499654521,2.461689715
1998,Middle East & North Africa,MEA,,3.419029353,69.27532616,,4.241343513,3.940604988
1998,North America,NAC,,1.951615159,76.78286222,,12.45894015,19.86500581
1998,Sub-Saharan Africa,SSF,,5.855644582,50.11841734,,3.034662213,0.764345481
1998,World,WLD,,2.746359241,67.08624391,,6.74405685,3.780610935
1999,Australia,AUS,,1.755,78.93170732,6.3,12.22798199,17.59695657
1999,Caribbean small states,CSS,,2.47857914,71.31027893,,6.743738288,5.161969748
1999,Central African Republic,CAF,,5.52,44.461,170.9,3.596107267,0.067453265
1999,Central Europe and the Baltics,CEB,,1.307854818,72.18456107,,13.27046791,6.580907221
1999,East Asia & Pacific,EAS,,1.85358691,70.85517128,,6.876265421,3.042058843
1999,Europe & Central Asia,ECS,,1.546820798,72.87508354,,13.24391092,7.412124432
1999,Latin America & Caribbean,LCN,,2.684280273,71.36264785,,5.58531255,2.402944782
1999,Middle East & North Africa,MEA,,3.297493097,69.58630971,,4.299621785,4.009763902
1999,North America,NAC,,1.957406847,76.80913164,,12.4048317,19.73514048
1999,Sub-Saharan Africa,SSF,,5.805019233,50.24477112,,3.023317808,0.724469941
1999,World,WLD,,2.716832051,67.29362178,,6.806003833,3.747766066
2000,Australia,AUS,,1.756,79.23414634,6.2,12.32367377,17.68965697
2000,Caribbean small states,CSS,,2.438238301,71.41917942,,6.829928464,5.03110009
2000,Central African Republic,CAF,,5.5,44.19,169.8,3.530959418,0.065926441
2000,Central Europe and the Baltics,CEB,,1.317743134,72.71972472,,13.46571035,6.534386527
2000,East Asia & Pacific,EAS,,1.850909074,71.17191877,,7.021569013,3.16843593
2000,Europe & Central Asia,ECS,,1.556973744,73.02937654,,13.39801554,7.482160159
2000,Latin America & Caribbean,LCN,,2.626889936,71.68738957,,5.675853007,2.446079724
2000,Middle East & North Africa,MEA,,3.193506282,69.88725675,,4.353953673,4.078842054
2000,North America,NAC,,1.998927144,76.88199634,,12.35642014,20.11481753
2000,Sub-Saharan Africa,SSF,,5.755293083,50.45021391,,3.005675676,0.717068799
2000,World,WLD,,2.69616442,67.54902793,,6.874090181,3.812649312
2001,Australia,AUS,,1.739,79.63414634,6.1,12.41530462,17.76953588
2001,Caribbean small states,CSS,,2.39884186,71.53799942,,6.886762561,5.217181572
2001,Central African Republic,CAF,,5.48,44.061,168.4,3.505249034,0.0671679
2001,Central Europe and the Baltics,CEB,,1.27550928,73.09614819,,13.72889972,6.68651055
2001,East Asia & Pacific,EAS,,1.835931047,71.48171716,,7.162204149,3.259852218
2001,Europe & Central Asia,ECS,,1.542494647,73.29341895,,13.61580735,7.536520441
2001,Latin America & Caribbean,LCN,,2.569150526,71.99312403,,5.782148608,2.417240156
2001,Middle East & North Africa,MEA,,3.106122192,70.1860594,,4.399108778,4.203993687
2001,North America,NAC,,1.978204982,77.08241004,,12.34915573,19.80333828
2001,Sub-Saharan Africa,SSF,,5.706678488,50.75002366,,3.002278825,0.770464767
2001,World,WLD,,2.666348218,67.82173353,,6.958164955,3.827658881
2002,Australia,AUS,,1.756,79.93658537,6,12.51592156,17.95749921
2002,Caribbean small states,CSS,,2.36212885,71.71336257,,6.945382433,5.264220891
2002,Central African Republic,CAF,,5.459,44.063,167,3.467978984,0.065752635
2002,Central Europe and the Baltics,CEB,,1.253312738,73.24241549,,13.9755982,6.600333241
2002,East Asia & Pacific,EAS,,1.828220043,71.77476486,,7.308014455,3.409225734
2002,Europe & Central Asia,ECS,,1.554016477,73.40800271,,13.85987456,7.534290522
2002,Latin America & Caribbean,LCN,,2.512647107,72.28763379,,5.891179593,2.397149856
2002,Middle East & North Africa,MEA,,3.03453626,70.47001714,,4.439374084,4.305184579
2002,North America,NAC,,1.968238347,77.18781814,,12.33835612,19.18917941
2002,Sub-Saharan Africa,SSF,,5.659602713,51.14816454,,2.990750927,0.772912532
2002,World,WLD,,2.643548672,68.07037328,,7.045488676,3.834751351
2003,Australia,AUS,,1.748,80.23902439,5.9,12.62689074,17.69202931
2003,Caribbean small states,CSS,,2.328840724,71.79199379,,7.005452811,5.200736553
2003,Central African Republic,CAF,,5.436,44.182,165.6,3.419088159,0.061836784
2003,Central Europe and the Baltics,CEB,,1.25090051,73.38225278,,14.19978944,6.914286139
2003,East Asia & Pacific,EAS,,1.823021593,72.06752825,,7.453575039,3.717593082
2003,Europe & Central Asia,ECS,,1.569517386,73.51599248,,14.09870247,7.736199647
2003,Latin America & Caribbean,LCN,,2.458647987,72.56226154,,6.002918818,2.392766289
2003,Middle East & North Africa,MEA,,2.979306846,70.75154443,,4.473637074,4.373803756
2003,North America,NAC,,1.994903645,77.30281077,,12.33522138,19.28954272
2003,Sub-Saharan Africa,SSF,,5.613046927,51.64212387,,2.973001734,0.793046324
2003,World,WLD,,2.624891419,68.32623451,,7.130423738,3.958502744
2004,Australia,AUS,,1.768,80.4902439,5.8,12.74558218,18.14789789
2004,Caribbean small states,CSS,,2.298370345,71.923541,,7.064985795,5.265055842
2004,Central African Republic,CAF,,5.411,44.413,164.2,3.358439345,0.060607851
2004,Central Europe and the Baltics,CEB,,1.276323019,73.73043493,,14.38152704,6.924274597
2004,East Asia & Pacific,EAS,,1.820182791,72.36114457,,7.586438126,4.084304076
2004,Europe & Central Asia,ECS,,1.598640892,73.95912136,,14.28280237,7.746554807
2004,Latin America & Caribbean,LCN,,2.407416796,72.8191972,,6.116336606,2.464223249
2004,Middle East & North Africa,MEA,,2.934063132,71.03757081,,4.498976878,4.541944377
2004,North America,NAC,,1.998607226,77.72448798,,12.35075584,19.33437044
2004,Sub-Saharan Africa,SSF,,5.567295585,52.22477202,,2.950962201,0.820898106
2004,World,WLD,,2.608625555,68.65264378,,7.202322929,4.092251662
2005,Australia,AUS,,1.807,80.84146341,5.7,12.87112447,18.11785357
2005,Caribbean small states,CSS,,2.271423122,72.05570873,,7.124828423,5.781103799
2005,Central African Republic,CAF,,5.383,44.744,162.6,3.286365678,0.059429771
2005,Central Europe and the Baltics,CEB,,1.312498576,73.84499514,,14.51359,6.927355355
2005,East Asia & Pacific,EAS,,1.815172808,72.62462075,,7.704411894,4.413761948
2005,Europe & Central Asia,ECS,,1.590159182,74.12110113,,14.38829124,7.700388252
2005,Latin America & Caribbean,LCN,,2.359982601,73.06052666,,6.23173319,2.532411869
2005,Middle East & North Africa,MEA,,2.901936613,71.31003055,,4.51492727,4.811704836
2005,North America,NAC,,2.005380787,77.75408225,,12.39098687,19.24436165
2005,Sub-Saharan Africa,SSF,,5.521001553,52.88642826,,2.926012171,0.820706672
2005,World,WLD,,2.588054267,68.92032186,,7.25756117,4.196301213
2006,Australia,AUS,,1.908,81.04146341,5.6,12.92659959,18.12067891
2006,Caribbean small states,CSS,,2.247184028,72.18703608,,7.211396686,6.319862843
2006,Central African Republic,CAF,,5.353,45.158,160.4,3.258031859,0.063136295
2006,Central Europe and the Baltics,CEB,,1.341836063,74.09260273,,14.66310463,7.099956368
2006,East Asia & Pacific,EAS,,1.818555609,72.9216443,,7.838856204,4.690112274
2006,Europe & Central Asia,ECS,,1.620250302,74.61886358,,14.49521257,7.830097751
2006,Latin America & Caribbean,LCN,,2.315936895,73.28745866,,6.351092836,2.565589141
2006,Middle East & North Africa,MEA,,2.884049351,71.58493995,,4.533437294,4.994446478
2006,North America,NAC,,2.055428214,77.94939267,,12.46828711,18.73122104
2006,Sub-Saharan Africa,SSF,,5.472827561,53.6142094,,2.930086577,0.806305432
2006,World,WLD,,2.577167242,69.26239879,,7.327538808,4.281006432
2007,Australia,AUS,,1.959,81.29268293,5.4,12.98192935,18.50285198
2007,Caribbean small states,CSS,,2.223960828,72.31605654,,7.296020925,6.288236856
2007,Central African Republic,CAF,,5.322,45.636,157.9,3.218024731,0.061934195
2007,Central Europe and the Baltics,CEB,,1.38110912,74.25064872,,14.75937797,7.192342046
2007,East Asia & Pacific,EAS,,1.821334646,73.20093388,,7.95988686,4.976091688
2007,Europe & Central Asia,ECS,,1.664399125,74.97698178,,14.5378062,7.79165317
2007,Latin America & Caribbean,LCN,,2.276736015,73.50178524,,6.47117318,2.640735831
2007,Middle East & North Africa,MEA,,2.877105717,71.84130341,,4.544208794,5.140106868
2007,North America,NAC,,2.073474066,78.23954847,,12.56683573,18.89463463
2007,Sub-Saharan Africa,SSF,,5.423245365,54.3854324,,2.92943656,0.814242138
2007,World,WLD,,2.567085489,69.59170555,,7.383349616,4.39186678
2008,Australia,AUS,,1.984,81.39512195,5.2,13.05873886,18.28304124
2008,Caribbean small states,CSS,,2.200826985,72.4407885,,7.385409163,5.807552959
2008,Central African Republic,CAF,,5.289,46.161,155,3.165982039,0.06084194
2008,Central Europe and the Baltics,CEB,,1.463217125,74.57595268,,14.83495604,7.052635427
2008,East Asia & Pacific,EAS,,1.820310117,73.4698955,,8.077026962,5.032380069
2008,Europe & Central Asia,ECS,,1.72231299,75.24343241,,14.55109251,7.728668296
2008,Latin America & Caribbean,LCN,,2.242664642,73.70415657,,6.595043193,2.710852478
2008,Middle East & North Africa,MEA,,2.879544487,72.09133372,,4.553702744,5.332964756
2008,North America,NAC,,2.032451724,78.3009808,,12.69730012,18.12704499
2008,Sub-Saharan Africa,SSF,,5.371375445,55.17445654,,2.924635773,0.8381134
2008,World,WLD,,2.554931213,69.89949278,,7.434625353,4.376917216
2009,Australia,AUS,,1.971,81.54390244,5,13.18565421,18.20742496
2009,Caribbean small states,CSS,,2.17700105,72.56174942,,7.488804214,7.02915018
2009,Central African Republic,CAF,,5.254,46.719,151.4,3.101144059,0.059940663
2009,Central Europe and the Baltics,CEB,,1.487373534,74.93036393,,14.94098524,6.521535327
2009,East Asia & Pacific,EAS,,1.818401061,73.75912516,,8.20395973,5.221767283
2009,Europe & Central Asia,ECS,,1.721159503,75.6430448,,14.58467439,7.102064944
2009,Latin America & Caribbean,LCN,,2.212370211,73.9041865,,6.726263215,2.625122854
2009,Middle East & North Africa,MEA,,2.886097646,72.32599404,,4.570363383,5.440825923
2009,North America,NAC,,1.968149876,78.64772827,,12.87184175,16.6912471
2009,Sub-Saharan Africa,SSF,,5.316514972,55.96111815,,2.91617468,0.780111852
2009,World,WLD,,2.534204385,70.2465195,,7.493201741,4.27713137
2010,Australia,AUS,,1.928,81.69512195,4.8,13.37655581,17.58144496
2010,Caribbean small states,CSS,,2.153182789,72.67940423,,7.614570422,5.69036308
2010,Central African Republic,CAF,,5.215,47.312,147.6,3.024459009,0.061548772
2010,Central Europe and the Baltics,CEB,,1.461736885,75.29396578,,15.11005808,6.786153806
2010,East Asia & Pacific,EAS,,1.819649145,74.01299917,,8.351316626,5.629335017
2010,Europe & Central Asia,ECS,,1.727925176,75.94401852,,14.66421738,7.368627819
2010,Latin America & Caribbean,LCN,,2.185701673,74.09722025,,6.867306354,2.735001929
2010,Middle East & North Africa,MEA,,2.896203209,72.53918362,,4.597754639,5.544072122
2010,North America,NAC,,1.900119348,78.80945553,,13.09783981,17.26997425
2010,Sub-Saharan Africa,SSF,,5.25798658,56.72547002,,2.904944738,0.814782471
2010,World,WLD,,2.516286907,70.5565916,,7.567146047,4.483147956
2011,Australia,AUS,,1.926,81.89512195,4.5,13.63030821,17.26811037
2011,Caribbean small states,CSS,,2.129432977,72.79529509,,7.724439406,5.85842352
2011,Central African Republic,CAF,,5.172,47.95,143.4,3.008484291,0.065631069
2011,Central Europe and the Baltics,CEB,,1.393421234,75.88847488,,15.3891635,6.803902523
2011,East Asia & Pacific,EAS,,1.822639485,74.26594882,,8.534160991,6.035842043
2011,Europe & Central Asia,ECS,,1.71355242,76.4599787,,14.78305834,7.363895495
2011,Latin America & Caribbean,LCN,,2.162608889,74.28311752,,7.021383267,2.808424737
2011,Middle East & North Africa,MEA,,2.904100151,72.73749241,,4.633012414,5.536398989
2011,North America,NAC,,1.865643789,78.92055891,,13.36947949,16.53901451
2011,Sub-Saharan Africa,SSF,,5.195218032,57.45600208,,2.91535646,0.798790821
2011,World,WLD,,2.498720142,70.883485,,7.667928104,4.570123103
2012,Australia,AUS,,1.92,82.04634146,4.3,13.93028835,16.96925656
2012,Caribbean small states,CSS,,2.106451911,72.91180938,,7.848010314,6.061385847
2012,Central African Republic,CAF,,5.123,48.638,139.4,2.97862058,0.067622229
2012,Central Europe and the Baltics,CEB,,1.416114693,75.9934886,,15.72878587,6.562543062
2012,East Asia & Pacific,EAS,,1.82871585,74.56212909,,8.727300255,6.150128387
2012,Europe & Central Asia,ECS,,1.740001368,76.6233616,,14.95082401,7.290488892
2012,Latin America & Caribbean,LCN,,2.141893059,74.46145444,,7.181008246,2.875787215
2012,Middle East & North Africa,MEA,,2.910689566,72.93166117,,4.673753363,5.741528708
2012,North America,NAC,,1.853503675,79.03147799,,13.68516201,15.77403901
2012,Sub-Saharan Africa,SSF,,5.12831823,58.14957771,,2.922231643,0.805956712
2012,World,WLD,,2.489335625,71.17154765,,7.780962544,4.578768146
2013,Australia,AUS,,1.855,82.14878049,4.1,14.25265706,16.398646
2013,Caribbean small states,CSS,,2.084479997,73.03013854,,7.982419368,5.811900779
2013,Central African Republic,CAF,,5.068,49.371,135.8,2.93740209,0.067446877
2013,Central Europe and the Baltics,CEB,,1.387969817,76.35516299,,16.1172586,6.326934971
2013,East Asia & Pacific,EAS,,1.825113599,74.84821672,,8.943059212,6.298870519
2013,Europe & Central Asia,ECS,,1.730147218,76.9556184,,15.15048052,7.108636433
2013,Latin America & Caribbean,LCN,,2.122330406,74.63279792,,7.351103681,2.917722363
2013,Middle East & North Africa,MEA,,2.910271737,73.13239732,,4.723532669,5.735943827
2013,North America,NAC,,1.830094372,79.04221001,,14.0346088,16.08246342
2013,Sub-Saharan Africa,SSF,,5.05832721,58.80138624,,2.926682045,0.817618181
2013,World,WLD,,2.472960087,71.46266033,,7.908375708,4.610229279
2014,Australia,AUS,,1.826,82.3,4,14.56531719,15.7558761
2014,Caribbean small states,CSS,,2.064268347,73.15059179,,8.123725517,5.605397575
2014,Central African Republic,CAF,,5.007,50.129,131.4,2.887879619,0.067201727
2014,Central Europe and the Baltics,CEB,,1.443181764,76.67562361,,16.53178256,6.142062501
2014,East Asia & Pacific,EAS,,1.827716037,75.12518901,,9.19882046,6.242679578
2014,Europe & Central Asia,ECS,,1.757278182,77.28278569,,15.36590599,6.768550162
2014,Latin America & Caribbean,LCN,,2.103293852,74.7990465,,7.537443258,2.906370281
2014,Middle East & North Africa,MEA,,2.904218815,73.32643778,,4.787979369,5.847665955
2014,North America,NAC,,1.834102202,79.13808291,,14.40347723,16.013094
2014,Sub-Saharan Africa,SSF,,4.986266375,59.40479692,,2.929771776,0.824377307
2014,World,WLD,,2.465561107,71.74197845,,8.054817572,4.560774243
2015,Australia,AUS,,1.814,82.4,3.9,14.85461069,15.7864494
2015,Caribbean small states,CSS,,2.045249014,73.2730249,,8.270634799,5.462326768
2015,Central African Republic,CAF,,4.941,50.881,126.7,2.831007952,0.06899359
2015,Central Europe and the Baltics,CEB,,1.462370024,76.57187776,,16.95830386,6.249982689
2015,East Asia & Pacific,EAS,,1.831082122,75.39259466,,9.504517502,6.19247158
2015,Europe & Central Asia,ECS,,1.764941815,77.24067802,,15.58891777,6.694111202
2015,Latin America & Caribbean,LCN,,2.084449869,74.96168764,,7.743986238,2.864931576
2015,Middle East & North Africa,MEA,,2.889411919,73.51484469,,4.871052866,5.818404651
2015,North America,NAC,,1.815224852,79.01211433,,14.78419212,15.55083364
2015,Sub-Saharan Africa,SSF,,4.912890459,59.95283057,,2.932549257,0.781518154
2015,World,WLD,,2.45622884,71.94747668,,8.223032848,4.488770091
2016,Australia,AUS,,1.752,82.44878049,3.8,15.1411186,15.87207954
2016,Caribbean small states,CSS,,2.027645026,73.39595799,,8.438382291,5.032062547
2016,Central African Republic,CAF,,4.87,51.593,121.6,2.83307395,0.068316804
2016,Central Europe and the Baltics,CEB,,1.52216388,76.96981142,,17.46396039,6.372489936
2016,East Asia & Pacific,EAS,,1.829611451,75.63558325,,9.879893688,6.165075415
2016,Europe & Central Asia,ECS,,1.771862815,77.5955353,,15.83951658,6.685154723
2016,Latin America & Caribbean,LCN,,2.065415396,75.12202318,,7.96189854,2.780951719
2016,Middle East & North Africa,MEA,,2.866927113,73.71077102,,4.959321274,5.754217999
2016,North America,NAC,,1.79253374,78.8773349,,15.1765691,15.14692452
2016,Sub-Saharan Africa,SSF,,4.838661209,60.44239356,,2.953061901,0.768612427
2016,World,WLD,,2.445609055,72.18117115,,8.426877328,4.436759079
2017,Australia,AUS,,1.741,82.5,3.7,15.40402089,15.7386474
2017,Caribbean small states,CSS,,2.010754406,73.51748995,,8.611790963,4.876310944
2017,Central African Republic,CAF,,4.796,52.24,117.5,2.831600277,0.067449619
2017,Central Europe and the Baltics,CEB,,1.567830318,76.94744264,,17.96473483,6.625943967
2017,East Asia & Pacific,EAS,,1.825950046,75.86603308,,10.30035516,6.237253253
2017,Europe & Central Asia,ECS,,1.730344181,77.78843132,,16.09378676,6.72179984
2017,Latin America & Caribbean,LCN,,2.046014562,75.28208661,,8.196155183,2.700018424
2017,Middle East & North Africa,MEA,,2.839227044,73.89981806,,5.064181616,5.730906727
2017,North America,NAC,,1.738253709,78.87909246,,15.56316803,14.86822332
2017,Sub-Saharan Africa,SSF,,4.765176902,60.8800163,,2.97106702,0.76344328
2017,World,WLD,,2.428188422,72.38592012,,8.645989397,4.441308582
2018,Australia,AUS,,1.74,82.74878049,3.7,15.65647523,15.47551649
2018,Caribbean small states,CSS,,1.995134386,73.63710628,,8.796653929,5.017034408
2018,Central African Republic,CAF,,4.721,52.805,114.2,2.825773707,0.070718706
2018,Central Europe and the Baltics,CEB,,1.574609117,76.97682268,,18.46047708,6.597232486
2018,East Asia & Pacific,EAS,,1.823002567,76.06886392,,10.74431257,6.361179651
2018,Europe & Central Asia,ECS,,1.720081806,77.91015258,,16.35360653,6.690105957
2018,Latin America & Caribbean,LCN,,2.027393063,75.4408494,,8.443343975,2.637362569
2018,Middle East & North Africa,MEA,,2.808926001,74.08883309,,5.182127357,5.638657141
2018,North America,NAC,,1.70603799,78.98679131,,15.95273071,15.27087561
2018,Sub-Saharan Africa,SSF,,4.693213128,61.27303249,,2.987730276,0.763618494
2018,World,WLD,,2.415986343,72.56865794,,8.873451191,4.483523912
